insert into History_101 values('2022-01-01', '12:12:12', 10);
insert into History_101 values('2022-01-02', '12:12:12', 20);
insert into History_101 values('2022-01-03', '12:12:12', 25);
insert into History_102 values('2022-01-01', '12:12:12', 10);
insert into History_102 values('2022-01-02', '12:12:12', 20);
insert into History_102 values('2022-01-03', '12:12:12', 25);
insert into History_103 values('2022-01-01', '12:12:12', 10);
insert into History_103 values('2022-01-02', '12:12:12', 20);
insert into History_103 values('2022-01-03', '12:12:12', 25);
insert into History_104 values('2022-01-01', '12:12:12', 10);
insert into History_104 values('2022-01-02', '12:12:12', 20);
insert into History_104 values('2022-01-03', '12:12:12', 25);

insert into History_202 values('2022-01-01', '12:12:22', 30);
insert into History_202 values('2022-01-01', '12:12:12', 20);
insert into History_202 values('2022-01-03', '12:12:12', 25);
insert into History_203 values('2022-01-01', '12:12:22', 30);
insert into History_203 values('2022-01-01', '12:12:12', 20);
insert into History_203 values('2022-01-03', '12:12:12', 25);
insert into History_204 values('2022-01-01', '12:12:22', 30);
insert into History_204 values('2022-01-01', '12:12:12', 20);
insert into History_204 values('2022-01-03', '12:12:12', 25);
insert into History_205 values('2022-01-01', '12:12:22', 30);
insert into History_205 values('2022-01-01', '12:12:12', 20);
insert into History_205 values('2022-01-03', '12:12:12', 25);
insert into History_206 values('2022-01-01', '12:12:22', 30);
insert into History_206 values('2022-01-01', '12:12:12', 20);
insert into History_206 values('2022-01-03', '12:12:12', 25);
insert into History_207 values('2022-01-01', '12:12:22', 30);
insert into History_207 values('2022-01-01', '12:12:12', 20);
insert into History_207 values('2022-01-03', '12:12:12', 25);
insert into History_208 values('2022-01-01', '12:12:22', 30);
insert into History_208 values('2022-01-01', '12:12:12', 20);
insert into History_208 values('2022-01-03', '12:12:12', 25);
insert into History_209 values('2022-01-01', '12:12:22', 30);
insert into History_209 values('2022-01-01', '12:12:12', 20);
insert into History_209 values('2022-01-03', '12:12:12', 25);

insert into History_301 values('2022-01-04', '18:12:22', 60);
insert into History_301 values('2022-01-04', '20:12:12', 50);
insert into History_301 values('2022-01-04', '12:12:12', 45);
insert into History_302 values('2022-01-04', '18:12:22', 60);
insert into History_302 values('2022-01-04', '20:12:12', 50);
insert into History_302 values('2022-01-04', '12:12:12', 45);
insert into History_303 values('2022-01-04', '18:12:22', 60);
insert into History_303 values('2022-01-04', '20:12:12', 50);
insert into History_303 values('2022-01-04', '12:12:12', 45);
insert into History_304 values('2022-01-04', '18:12:22', 60);
insert into History_304 values('2022-01-04', '20:12:12', 50);
insert into History_304 values('2022-01-04', '12:12:12', 45);
insert into History_305 values('2022-01-04', '18:12:22', 60);
insert into History_305 values('2022-01-04', '20:12:12', 50);
insert into History_305 values('2022-01-04', '12:12:12', 45);
insert into History_306 values('2022-01-04', '18:12:22', 60);
insert into History_306 values('2022-01-04', '20:12:12', 50);
insert into History_306 values('2022-01-04', '12:12:12', 45);
insert into History_307 values('2022-01-04', '18:12:22', 60);
insert into History_307 values('2022-01-04', '20:12:12', 50);
insert into History_307 values('2022-01-04', '12:12:12', 45);
insert into History_308 values('2022-01-04', '18:12:22', 60);
insert into History_308 values('2022-01-04', '20:12:12', 50);
insert into History_308 values('2022-01-04', '12:12:12', 45);

insert into History_401 values('2022-01-04', '18:12:22', 60);
insert into History_401 values('2022-01-04', '20:12:12', 50);
insert into History_401 values('2022-01-03', '12:12:12', 45);
insert into History_402 values('2022-01-04', '18:12:22', 60);
insert into History_402 values('2022-01-04', '20:12:12', 50);
insert into History_402 values('2022-01-03', '12:12:12', 45);
insert into History_403 values('2022-01-04', '18:12:22', 60);
insert into History_403 values('2022-01-04', '20:12:12', 50);
insert into History_403 values('2022-01-03', '12:12:12', 45);
insert into History_405 values('2022-01-04', '18:12:22', 60);
insert into History_405 values('2022-01-04', '20:12:12', 50);
insert into History_405 values('2022-01-03', '12:12:12', 45);

insert into History_501 values('2022-01-04', '18:12:22', 40);
insert into History_501 values('2022-01-02', '20:12:12', 50);
insert into History_501 values('2022-01-03', '12:12:12', 45);
insert into History_502 values('2022-01-04', '18:12:22', 40);
insert into History_502 values('2022-01-02', '20:12:12', 50);
insert into History_502 values('2022-01-03', '12:12:12', 45);
insert into History_504 values('2022-01-04', '18:12:22', 40);
insert into History_504 values('2022-01-02', '20:12:12', 50);
insert into History_504 values('2022-01-03', '12:12:12', 45);
insert into History_506 values('2022-01-04', '18:12:22', 40);
insert into History_506 values('2022-01-02', '20:12:12', 50);
insert into History_506 values('2022-01-03', '12:12:12', 45);
insert into History_507 values('2022-01-04', '18:12:22', 40);
insert into History_507 values('2022-01-02', '20:12:12', 50);
insert into History_507 values('2022-01-03', '12:12:12', 45);
insert into History_508 values('2022-01-04', '18:12:22', 40);
insert into History_508 values('2022-01-02', '20:12:12', 50);
insert into History_508 values('2022-01-03', '12:12:12', 45);
insert into History_509 values('2022-01-04', '18:12:22', 40);
insert into History_509 values('2022-01-02', '20:12:12', 50);
insert into History_509 values('2022-01-03', '12:12:12', 45);
insert into History_510 values('2022-01-04', '18:12:22', 40);
insert into History_510 values('2022-01-02', '20:12:12', 50);
insert into History_510 values('2022-01-03', '12:12:12', 45);

insert into History_601 values('2022-01-04', '18:12:22', 30);
insert into History_601 values('2022-01-02', '20:12:12', 50);
insert into History_601 values('2022-01-03', '12:12:12', 45);

insert into History_701 values('2022-01-04', '18:12:22', 40);
insert into History_701 values('2022-01-02', '20:12:12', 50);
insert into History_701 values('2022-01-03', '12:12:12', 45);
insert into History_702 values('2022-01-04', '18:12:22', 40);
insert into History_702 values('2022-01-02', '20:12:12', 50);
insert into History_702 values('2022-01-03', '12:12:12', 45);
insert into History_703 values('2022-01-04', '18:12:22', 40);
insert into History_703 values('2022-01-02', '20:12:12', 50);
insert into History_703 values('2022-01-03', '12:12:12', 45);